{
  "mode": "xy_core",
  "workload": "mock",
  "timestamp": "2025-12-06T18:34:20.605903",
  "results": {
    "fig1_data": [
      {
        "concurrency": 1,
        "rps": 2.7969615755741724,
        "total_time": 0.3575308322906494
      },
      {
        "concurrency": 5,
        "rps": 4.068932065206846,
        "total_time": 1.2288236618041992
      },
      {
        "concurrency": 10,
        "rps": 4.326025863716546,
        "total_time": 2.3115904331207275
      },
      {
        "concurrency": 20,
        "rps": 4.5196459694851185,
        "total_time": 4.425125360488892
      }
    ]
  }
}