{
  "timestamp": "2025-12-08T06:09:07.989973",
  "config": {
    "repetitions": 5,
    "workload": "mock"
  },
  "experiments": {
    "experiment_isolation": {
      "summary": {
        "sync_short_latency": 7.5930595397949165,
        "async_short_latency": 17.02149254935128,
        "sync_total_time": 10.0,
        "async_total_time": 10.0,
        "key_observation": "New Trace System Verification",
        "conclusion": "Verified"
      }
    },
    "experiment_1": {
      "small_1": {
        "load_size": {
          "name": "small",
          "concurrency": 1
        },
        "aggregates": {
          "avg_sync_time": 0.7012343406677246,
          "avg_async_time": 0.6636130809783936,
          "improvement_pct": 5.3650053209755235
        }
      },
      "small_5": {
        "load_size": {
          "name": "small",
          "concurrency": 5
        },
        "aggregates": {
          "avg_sync_time": 0.7019357204437255,
          "avg_async_time": 1.6554213047027588,
          "improvement_pct": -135.83659535894418
        }
      },
      "small_10": {
        "load_size": {
          "name": "small",
          "concurrency": 10
        },
        "aggregates": {
          "avg_sync_time": 0.7020927190780639,
          "avg_async_time": 2.8577182292938232,
          "improvement_pct": -307.0286091339
        }
      }
    },
    "experiment_4": {
      "duration": 60,
      "completed": 172,
      "errors": 0,
      "metrics": {
        "n": 172,
        "avg_ms": 931.9196024606395,
        "p50_ms": 927.3805618286133,
        "p95_ms": 951.5393018722534,
        "p99_ms": 1172.1036672592163,
        "min_ms": 785.6459617614746,
        "max_ms": 1391.58034324646
      },
      "max_successful_concurrency": 10,
      "avg_throughput": [
        1.5046328499174737,
        2.2155798381845946,
        2.3664681437458057
      ]
    }
  }
}