{
  "mode": "xy_core",
  "workload": "mock",
  "timestamp": "2025-12-06T19:55:31.147213",
  "results": {
    "exp1": [
      {
        "concurrency": 1,
        "rps": 1.527179012532228,
        "time": 0.6548020839691162
      },
      {
        "concurrency": 5,
        "rps": 2.3817864352272595,
        "time": 2.099264621734619
      },
      {
        "concurrency": 10,
        "rps": 2.4940691362464613,
        "time": 4.009511947631836
      }
    ],
    "exp2": {
      "max_lag": 0.03631176948547363,
      "avg_lag": 0.019010028384980695
    },
    "exp3": [
      0.6538643836975098,
      0.6527881622314453,
      0.6555080413818359,
      0.6548609733581543,
      0.654526948928833,
      0.6549921035766602,
      0.6555113792419434,
      0.6543700695037842,
      0.6549603939056396,
      0.6555769443511963,
      0.654292106628418,
      0.653505802154541,
      0.6549921035766602,
      0.6534903049468994,
      0.6541132926940918,
      0.6527602672576904,
      0.654529333114624,
      0.6545529365539551,
      0.6543824672698975,
      0.6556980609893799,
      0.6553609371185303,
      0.6520521640777588,
      0.6554195880889893,
      0.6552228927612305,
      0.6534104347229004,
      0.6531736850738525,
      0.654944658279419,
      0.6537890434265137,
      0.6560571193695068,
      0.6660394668579102,
      0.6552355289459229,
      0.6551718711853027,
      0.6547501087188721,
      0.6564040184020996,
      0.6681735515594482,
      0.655322790145874,
      0.6551134586334229,
      0.6542375087738037,
      0.6533448696136475,
      0.6546320915222168,
      0.6555829048156738,
      0.6553554534912109,
      0.6560714244842529,
      0.6544065475463867,
      0.6675233840942383,
      0.6539099216461182,
      0.6547307968139648,
      0.6549019813537598,
      0.6527228355407715,
      0.6562087535858154
    ],
    "exp4": {
      "duration": 30,
      "completed": 87,
      "errors": 0
    }
  }
}