{
  "mode": "xy_core",
  "workload": "real",
  "timestamp": "2025-12-06T19:58:25.212327",
  "results": {
    "exp1": [
      {
        "concurrency": 1,
        "rps": 0.10943225110924534,
        "time": 9.138073921203613
      },
      {
        "concurrency": 5,
        "rps": 0.5495599253365451,
        "time": 9.098188877105713
      },
      {
        "concurrency": 10,
        "rps": 0.5574007763309753,
        "time": 17.940412759780884
      }
    ],
    "exp2": {
      "max_lag": 0.038411045074462885,
      "avg_lag": 0.0065050420306977715
    },
    "exp3": [
      1.6934230327606201,
      1.6478080749511719,
      1.7239694595336914,
      1.652705192565918,
      1.6362595558166504,
      1.631270170211792,
      1.6977269649505615,
      1.7392611503601074,
      1.7177467346191406,
      1.7038462162017822,
      1.6625480651855469,
      1.6567249298095703,
      1.702864408493042,
      1.721285343170166,
      1.7554101943969727,
      1.6722211837768555,
      1.6924445629119873,
      1.711395502090454,
      1.9163892269134521,
      1.8765695095062256,
      1.7013494968414307,
      2.5953001976013184,
      2.4566240310668945,
      2.074690103530884,
      2.166200876235962,
      2.0192854404449463,
      1.9078919887542725,
      1.9326989650726318,
      1.8662333488464355,
      1.877753734588623,
      1.8196496963500977,
      2.155927896499634,
      1.9873278141021729,
      1.9901669025421143,
      1.8111331462860107,
      1.824096918106079,
      1.8299846649169922,
      1.7930493354797363,
      1.789060354232788,
      1.7634203433990479,
      1.7748439311981201,
      1.840346336364746,
      1.7742931842803955,
      1.7632527351379395,
      1.7310905456542969,
      1.812589168548584,
      1.702315330505371,
      1.858750581741333,
      1.722985029220581,
      1.784552812576294
    ],
    "exp4": {
      "duration": 30,
      "completed": 19,
      "errors": 0
    }
  }
}