{
  "mode": "xy_core",
  "workload": "mock",
  "timestamp": "2025-12-07T01:11:26.069161",
  "results": {
    "exp1": [
      {
        "concurrency": 1,
        "rps": 1.4983076494957241,
        "total_time": 0.6674196720123291,
        "metrics": {
          "n": 1,
          "avg_ms": 667.4196720123291,
          "p50_ms": 667.4196720123291,
          "p95_ms": 667.4196720123291,
          "p99_ms": 667.4196720123291,
          "min_ms": 667.4196720123291,
          "max_ms": 667.4196720123291
        }
      },
      {
        "concurrency": 5,
        "rps": 2.308557456512935,
        "total_time": 2.1658546924591064,
        "metrics": {
          "n": 5,
          "avg_ms": 1544.3048477172852,
          "p50_ms": 1564.394235610962,
          "p95_ms": 2376.239848136902,
          "p99_ms": 2448.371901512146,
          "min_ms": 862.3461723327637,
          "max_ms": 2165.8546924591064
        }
      },
      {
        "concurrency": 10,
        "rps": 2.5023082329161532,
        "total_time": 3.996310234069824,
        "metrics": {
          "n": 10,
          "avg_ms": 2642.994260787964,
          "p50_ms": 2643.1599855422974,
          "p95_ms": 4130.743408203125,
          "p99_ms": 4263.166885375977,
          "min_ms": 1290.8754348754883,
          "max_ms": 3995.3103065490723
        }
      }
    ],
    "exp2": {
      "max_lag": 36.91973686218261,
      "avg_lag": 17.679595947265618,
      "metrics": {
        "n": 21,
        "avg_ms": 17.679595947265618,
        "p50_ms": 21.15883827209472,
        "p95_ms": 36.87412738800049,
        "p99_ms": 37.27549076080322,
        "min_ms": -9.253358840942388,
        "max_ms": 36.91973686218261
      }
    },
    "exp3": [
      0.6660535335540771,
      0.6570825576782227,
      0.6547083854675293,
      0.6536476612091064,
      0.6559195518493652
    ],
    "exp3_metrics": {
      "n": 5,
      "avg_ms": 657.4823379516602,
      "p50_ms": 655.9195518493652,
      "p95_ms": 672.3332166671753,
      "p99_ms": 674.4862508773804,
      "min_ms": 653.6476612091064,
      "max_ms": 666.0535335540771
    },
    "exp4": {
      "duration": 60,
      "completed": 172,
      "errors": 0,
      "metrics": {
        "n": 172,
        "avg_ms": 931.75358827724,
        "p50_ms": 928.5305738449097,
        "p95_ms": 960.4557394981384,
        "p99_ms": 1165.8951354026794,
        "min_ms": 784.0304374694824,
        "max_ms": 1384.908676147461
      }
    }
  }
}